{
  "truth_status": "provisional_single_annotator",
  "limitations": [
    "Labels have not yet passed blind repeat annotation or second-annotator agreement.",
    "Test-set estimates have wide uncertainty because only 38 samples are available.",
    "The routing metric measures error capture, not post-review task accuracy."
  ],
  "split_counts": {
    "train": 169,
    "validation": 35,
    "test": 38
  },
  "adjudication_candidates": 107,
  "splits": {
    "train": {
      "xgboost": {
        "samples": 169,
        "accuracy": 0.4437869822485207,
        "macro_f1": 0.4718641154729494,
        "weighted_f1": 0.4328765737550695,
        "per_class": {
          "Negative": {
            "precision": 0.2222222222222222,
            "recall": 0.15384615384615385,
            "f1-score": 0.18181818181818182,
            "support": 13.0
          },
          "Neutral": {
            "precision": 0.3888888888888889,
            "recall": 0.65625,
            "f1-score": 0.4883720930232558,
            "support": 64.0
          },
          "Positive": {
            "precision": 0.58,
            "recall": 0.3258426966292135,
            "f1-score": 0.4172661870503597,
            "support": 89.0
          },
          "Exclude": {
            "precision": 1.0,
            "recall": 0.6666666666666666,
            "f1-score": 0.8,
            "support": 3.0
          }
        },
        "confusion_matrix": {
          "labels": [
            "Negative",
            "Neutral",
            "Positive",
            "Exclude"
          ],
          "values": [
            [
              2,
              6,
              5,
              0
            ],
            [
              6,
              42,
              16,
              0
            ],
            [
              1,
              59,
              29,
              0
            ],
            [
              0,
              1,
              0,
              2
            ]
          ]
        }
      },
      "snownlp": {
        "samples": 169,
        "accuracy": 0.47337278106508873,
        "macro_f1": 0.2957738095238095,
        "weighted_f1": 0.4873429134967597,
        "per_class": {
          "Negative": {
            "precision": 0.11428571428571428,
            "recall": 0.3076923076923077,
            "f1-score": 0.16666666666666666,
            "support": 13.0
          },
          "Neutral": {
            "precision": 0.4791666666666667,
            "recall": 0.359375,
            "f1-score": 0.4107142857142857,
            "support": 64.0
          },
          "Positive": {
            "precision": 0.6162790697674418,
            "recall": 0.5955056179775281,
            "f1-score": 0.6057142857142858,
            "support": 89.0
          },
          "Exclude": {
            "precision": 0.0,
            "recall": 0.0,
            "f1-score": 0.0,
            "support": 3.0
          }
        },
        "confusion_matrix": {
          "labels": [
            "Negative",
            "Neutral",
            "Positive",
            "Exclude"
          ],
          "values": [
            [
              4,
              4,
              5,
              0
            ],
            [
              13,
              23,
              28,
              0
            ],
            [
              17,
              19,
              53,
              0
            ],
            [
              1,
              2,
              0,
              0
            ]
          ]
        }
      },
      "review_policy": {
        "samples": 169,
        "policy": "review_when_xgboost_and_snownlp_disagree",
        "auto_count": 42,
        "auto_coverage": 0.2485207100591716,
        "auto_accuracy": 0.6190476190476191,
        "review_count": 127,
        "review_rate": 0.7514792899408284,
        "baseline_errors": 94,
        "captured_errors": 78,
        "error_capture_rate": 0.8297872340425532,
        "note": "Review-path accuracy is not estimated until an actual reviewer is evaluated."
      }
    },
    "validation": {
      "xgboost": {
        "samples": 35,
        "accuracy": 0.42857142857142855,
        "macro_f1": 0.430093732895457,
        "weighted_f1": 0.3987997497849714,
        "per_class": {
          "Negative": {
            "precision": 0.5,
            "recall": 0.3,
            "f1-score": 0.375,
            "support": 10.0
          },
          "Neutral": {
            "precision": 0.47058823529411764,
            "recall": 0.6666666666666666,
            "f1-score": 0.5517241379310345,
            "support": 12.0
          },
          "Positive": {
            "precision": 0.2857142857142857,
            "recall": 0.18181818181818182,
            "f1-score": 0.2222222222222222,
            "support": 11.0
          },
          "Exclude": {
            "precision": 0.4,
            "recall": 1.0,
            "f1-score": 0.5714285714285714,
            "support": 2.0
          }
        },
        "confusion_matrix": {
          "labels": [
            "Negative",
            "Neutral",
            "Positive",
            "Exclude"
          ],
          "values": [
            [
              3,
              5,
              2,
              0
            ],
            [
              1,
              8,
              3,
              0
            ],
            [
              2,
              4,
              2,
              3
            ],
            [
              0,
              0,
              0,
              2
            ]
          ]
        }
      },
      "snownlp": {
        "samples": 35,
        "accuracy": 0.34285714285714286,
        "macro_f1": 0.26369565217391305,
        "weighted_f1": 0.3320745341614907,
        "per_class": {
          "Negative": {
            "precision": 0.3,
            "recall": 0.3,
            "f1-score": 0.3,
            "support": 10.0
          },
          "Neutral": {
            "precision": 0.3076923076923077,
            "recall": 0.3333333333333333,
            "f1-score": 0.32,
            "support": 12.0
          },
          "Positive": {
            "precision": 0.4166666666666667,
            "recall": 0.45454545454545453,
            "f1-score": 0.43478260869565216,
            "support": 11.0
          },
          "Exclude": {
            "precision": 0.0,
            "recall": 0.0,
            "f1-score": 0.0,
            "support": 2.0
          }
        },
        "confusion_matrix": {
          "labels": [
            "Negative",
            "Neutral",
            "Positive",
            "Exclude"
          ],
          "values": [
            [
              3,
              3,
              4,
              0
            ],
            [
              5,
              4,
              3,
              0
            ],
            [
              2,
              4,
              5,
              0
            ],
            [
              0,
              2,
              0,
              0
            ]
          ]
        }
      },
      "review_policy": {
        "samples": 35,
        "policy": "review_when_xgboost_and_snownlp_disagree",
        "auto_count": 9,
        "auto_coverage": 0.2571428571428571,
        "auto_accuracy": 0.6666666666666666,
        "review_count": 26,
        "review_rate": 0.7428571428571429,
        "baseline_errors": 20,
        "captured_errors": 17,
        "error_capture_rate": 0.85,
        "note": "Review-path accuracy is not estimated until an actual reviewer is evaluated."
      }
    },
    "test": {
      "xgboost": {
        "samples": 38,
        "accuracy": 0.39473684210526316,
        "macro_f1": 0.2579365079365079,
        "weighted_f1": 0.34711779448621555,
        "per_class": {
          "Negative": {
            "precision": 0.6666666666666666,
            "recall": 0.13333333333333333,
            "f1-score": 0.2222222222222222,
            "support": 15.0
          },